question_id,question,responses_to_question,response_type,answer_option,count,percentage,mean_rating,notes
1,What is your major?,28,free_text_grouped,Ai,1,3.6,,Original labels as documented; equivalent major names not merged
1,What is your major?,28,free_text_grouped,Applied Math,1,3.6,,Original labels as documented; equivalent major names not merged
1,What is your major?,28,free_text_grouped,Architecture,1,3.6,,Original labels as documented; equivalent major names not merged
1,What is your major?,28,free_text_grouped,Artificial Intelligence,1,3.6,,Original labels as documented; equivalent major names not merged
1,What is your major?,28,free_text_grouped,Biology,1,3.6,,Original labels as documented; equivalent major names not merged
1,What is your major?,28,free_text_grouped,Biomedical Science,1,3.6,,Original labels as documented; equivalent major names not merged
1,What is your major?,28,free_text_grouped,Business information technology,1,3.6,,Original labels as documented; equivalent major names not merged
1,What is your major?,28,free_text_grouped,CS,1,3.6,,Original labels as documented; equivalent major names not merged
1,What is your major?,28,free_text_grouped,Comp sci,1,3.6,,Original labels as documented; equivalent major names not merged
1,What is your major?,28,free_text_grouped,Comp. Sci.,1,3.6,,Original labels as documented; equivalent major names not merged
1,What is your major?,28,free_text_grouped,Computer Science,2,7.1,,Original labels as documented; equivalent major names not merged
1,What is your major?,28,free_text_grouped,Computer science,1,3.6,,Original labels as documented; equivalent major names not merged
1,What is your major?,28,free_text_grouped,EE,1,3.6,,Original labels as documented; equivalent major names not merged
1,What is your major?,28,free_text_grouped,Finance,1,3.6,,Original labels as documented; equivalent major names not merged
1,What is your major?,28,free_text_grouped,ITM,2,7.1,,Original labels as documented; equivalent major names not merged
1,What is your major?,28,free_text_grouped,Industrial engineering,1,3.6,,Original labels as documented; equivalent major names not merged
1,What is your major?,28,free_text_grouped,Information Technology and Management,1,3.6,,Original labels as documented; equivalent major names not merged
1,What is your major?,28,free_text_grouped,Mechanical Engineering and Mathematics,1,3.6,,Original labels as documented; equivalent major names not merged
1,What is your major?,28,free_text_grouped,Mechanical engineering,1,3.6,,Original labels as documented; equivalent major names not merged
1,What is your major?,28,free_text_grouped,Medicine,1,3.6,,Original labels as documented; equivalent major names not merged
1,What is your major?,28,free_text_grouped,Statistics,1,3.6,,Original labels as documented; equivalent major names not merged
1,What is your major?,28,free_text_grouped,chemistry,1,3.6,,Original labels as documented; equivalent major names not merged
1,What is your major?,28,free_text_grouped,data science,1,3.6,,Original labels as documented; equivalent major names not merged
1,What is your major?,28,free_text_grouped,physics,1,3.6,,Original labels as documented; equivalent major names not merged
1,What is your major?,28,free_text_grouped,undecided,2,7.1,,Original labels as documented; equivalent major names not merged
2,What is your current class year?,35,single_choice,First Year,4,11.4,,
2,What is your current class year?,35,single_choice,Second Year,5,14.3,,
2,What is your current class year?,35,single_choice,Third Year,3,8.6,,
2,What is your current class year?,35,single_choice,Fourth Year,15,42.9,,
2,What is your current class year?,35,single_choice,Graduate,7,20,,
2,What is your current class year?,35,single_choice,5th Year Bachelors,1,2.9,,
3,How often do you use academic advising?,35,single_choice,Never,5,14.3,,
3,How often do you use academic advising?,35,single_choice,Once per semester,17,48.6,,
3,How often do you use academic advising?,35,single_choice,2-3 times per semester,9,25.7,,
3,How often do you use academic advising?,35,single_choice,4+ times per semester,2,5.7,,
3,How often do you use academic advising?,35,single_choice,Only when I have a problem,2,5.7,,
4,How satisfied are you with your current academic advising experience?,34,rating_1_to_5,1,0,0,3.21,
4,How satisfied are you with your current academic advising experience?,34,rating_1_to_5,2,8,23.5,3.21,
4,How satisfied are you with your current academic advising experience?,34,rating_1_to_5,3,15,44.1,3.21,
4,How satisfied are you with your current academic advising experience?,34,rating_1_to_5,4,7,20.6,3.21,
4,How satisfied are you with your current academic advising experience?,34,rating_1_to_5,5,4,11.8,3.21,
5,How easy is it for you to get the advising help you need when needed?,35,single_choice,Very difficult,0,0,,
5,How easy is it for you to get the advising help you need when needed?,35,single_choice,difficult,5,14.3,,
5,How easy is it for you to get the advising help you need when needed?,35,single_choice,neutral,21,60,,
5,How easy is it for you to get the advising help you need when needed?,35,single_choice,Easy,7,20,,
5,How easy is it for you to get the advising help you need when needed?,35,single_choice,Very easy,2,5.7,,
6,Which areas of academic advising do you find most difficult or lacking? (Select all that apply),35,multi_select,Career planning,21,60,,Multiple selections allowed; percentages may total over 100%
6,Which areas of academic advising do you find most difficult or lacking? (Select all that apply),35,multi_select,Graduation planning,19,54.3,,Multiple selections allowed; percentages may total over 100%
6,Which areas of academic advising do you find most difficult or lacking? (Select all that apply),35,multi_select,Course selection,18,51.4,,Multiple selections allowed; percentages may total over 100%
6,Which areas of academic advising do you find most difficult or lacking? (Select all that apply),35,multi_select,Degree requirements,15,42.9,,Multiple selections allowed; percentages may total over 100%
6,Which areas of academic advising do you find most difficult or lacking? (Select all that apply),35,multi_select,registration holds,13,37.1,,Multiple selections allowed; percentages may total over 100%
6,Which areas of academic advising do you find most difficult or lacking? (Select all that apply),35,multi_select,Prerequisites,11,31.4,,Multiple selections allowed; percentages may total over 100%
6,Which areas of academic advising do you find most difficult or lacking? (Select all that apply),35,multi_select,"Deadlines, ex: add/drop",9,25.7,,Multiple selections allowed; percentages may total over 100%
6,Which areas of academic advising do you find most difficult or lacking? (Select all that apply),35,multi_select,Communicating with my advisor,1,2.9,,Multiple selections allowed; percentages may total over 100%
6,Which areas of academic advising do you find most difficult or lacking? (Select all that apply),35,multi_select,Time for course sign up on release day.,1,2.9,,Multiple selections allowed; percentages may total over 100%
7,Have you ever been unsure what courses you should take for a following semester?,35,single_choice,Never,4,11.4,,
7,Have you ever been unsure what courses you should take for a following semester?,35,single_choice,Rarely,9,25.7,,
7,Have you ever been unsure what courses you should take for a following semester?,35,single_choice,Sometimes,12,34.3,,
7,Have you ever been unsure what courses you should take for a following semester?,35,single_choice,Often,10,28.6,,
7,Have you ever been unsure what courses you should take for a following semester?,35,single_choice,Always,0,0,,
8,"When you have an advising question and cannot immediately reach an advisor, what do you usually do?",35,multi_select,Search the university website,25,71.4,,Multiple selections allowed; percentages may total over 100%
8,"When you have an advising question and cannot immediately reach an advisor, what do you usually do?",35,multi_select,Ask another student,21,60,,Multiple selections allowed; percentages may total over 100%
8,"When you have an advising question and cannot immediately reach an advisor, what do you usually do?",35,multi_select,Use another online resource,13,37.1,,Multiple selections allowed; percentages may total over 100%
8,"When you have an advising question and cannot immediately reach an advisor, what do you usually do?",35,multi_select,Email an advisor,12,34.3,,Multiple selections allowed; percentages may total over 100%
8,"When you have an advising question and cannot immediately reach an advisor, what do you usually do?",35,multi_select,Wait for an appointment,5,14.3,,Multiple selections allowed; percentages may total over 100%
9,How important do you think an AI academic advisor could be in supporting students?,35,rating_1_to_5,1,1,2.9,4.4,
9,How important do you think an AI academic advisor could be in supporting students?,35,rating_1_to_5,2,0,0,4.4,
9,How important do you think an AI academic advisor could be in supporting students?,35,rating_1_to_5,3,4,11.4,4.4,
9,How important do you think an AI academic advisor could be in supporting students?,35,rating_1_to_5,4,9,25.7,4.4,
9,How important do you think an AI academic advisor could be in supporting students?,35,rating_1_to_5,5,21,60,4.4,
10,Which features would you find most useful in an AI academic advisor?,35,multi_select,Course planning,31,88.6,,Multiple selections allowed; percentages may total over 100%
10,Which features would you find most useful in an AI academic advisor?,35,multi_select,Graduation progress tracking,27,77.1,,Multiple selections allowed; percentages may total over 100%
10,Which features would you find most useful in an AI academic advisor?,35,multi_select,Career recommendations,25,71.4,,Multiple selections allowed; percentages may total over 100%
10,Which features would you find most useful in an AI academic advisor?,35,multi_select,Deadline information,23,65.7,,Multiple selections allowed; percentages may total over 100%
10,Which features would you find most useful in an AI academic advisor?,35,multi_select,Skill-gap recommendations,23,65.7,,Multiple selections allowed; percentages may total over 100%
10,Which features would you find most useful in an AI academic advisor?,35,multi_select,Prerequisite checking,22,62.9,,Multiple selections allowed; percentages may total over 100%
10,Which features would you find most useful in an AI academic advisor?,35,multi_select,Research or campus opportunity recommendations,20,57.1,,Multiple selections allowed; percentages may total over 100%
10,Which features would you find most useful in an AI academic advisor?,35,multi_select,Registration hold assistance,18,51.4,,Multiple selections allowed; percentages may total over 100%
10,Which features would you find most useful in an AI academic advisor?,35,multi_select,Blank or unspecified entry,1,2.9,,Multiple selections allowed; percentages may total over 100%
11,How comfortable would you be using an AI advisor for academic decisions?,35,rating_1_to_5,1,0,0,4.23,
11,How comfortable would you be using an AI advisor for academic decisions?,35,rating_1_to_5,2,2,5.7,4.23,
11,How comfortable would you be using an AI advisor for academic decisions?,35,rating_1_to_5,3,4,11.4,4.23,
11,How comfortable would you be using an AI advisor for academic decisions?,35,rating_1_to_5,4,13,37.1,4.23,
11,How comfortable would you be using an AI advisor for academic decisions?,35,rating_1_to_5,5,16,45.7,4.23,
12,For which types of decisions would you still prefer help from a human advisor instead of AI?,34,multi_select,Personal or sensitive situations,25,73.5,,Multiple selections allowed; percentages may total over 100%
12,For which types of decisions would you still prefer help from a human advisor instead of AI?,34,multi_select,Final course schedule approval,12,35.3,,Multiple selections allowed; percentages may total over 100%
12,For which types of decisions would you still prefer help from a human advisor instead of AI?,34,multi_select,Academic difficulties,12,35.3,,Multiple selections allowed; percentages may total over 100%
12,For which types of decisions would you still prefer help from a human advisor instead of AI?,34,multi_select,Registration problems,11,32.4,,Multiple selections allowed; percentages may total over 100%
12,For which types of decisions would you still prefer help from a human advisor instead of AI?,34,multi_select,I would be comfortable using AI for most advising tasks,7,20.6,,Multiple selections allowed; percentages may total over 100%
13,What information would you be comfortable allowing an AI advisor to use in order to give personalized recommendations?,35,multi_select,Completed courses,34,97.1,,Multiple selections allowed; percentages may total over 100%
13,What information would you be comfortable allowing an AI advisor to use in order to give personalized recommendations?,35,multi_select,Current courses,34,97.1,,Multiple selections allowed; percentages may total over 100%
13,What information would you be comfortable allowing an AI advisor to use in order to give personalized recommendations?,35,multi_select,"Major, minor",33,94.3,,Multiple selections allowed; percentages may total over 100%
13,What information would you be comfortable allowing an AI advisor to use in order to give personalized recommendations?,35,multi_select,Career interests,31,88.6,,Multiple selections allowed; percentages may total over 100%
13,What information would you be comfortable allowing an AI advisor to use in order to give personalized recommendations?,35,multi_select,Grades/GPA,30,85.7,,Multiple selections allowed; percentages may total over 100%
13,What information would you be comfortable allowing an AI advisor to use in order to give personalized recommendations?,35,multi_select,Degree progress,29,82.9,,Multiple selections allowed; percentages may total over 100%
13,What information would you be comfortable allowing an AI advisor to use in order to give personalized recommendations?,35,multi_select,Resume,27,77.1,,Multiple selections allowed; percentages may total over 100%
13,What information would you be comfortable allowing an AI advisor to use in order to give personalized recommendations?,35,multi_select,Academic holds,26,74.3,,Multiple selections allowed; percentages may total over 100%
13,What information would you be comfortable allowing an AI advisor to use in order to give personalized recommendations?,35,multi_select,I would not want it to access any personal information,1,2.9,,Multiple selections allowed; percentages may total over 100%
14,How concerned would you be about privacy when using an AI academic advisor?,35,rating_1_to_5,1,3,8.6,2.94,
14,How concerned would you be about privacy when using an AI academic advisor?,35,rating_1_to_5,2,12,34.3,2.94,
14,How concerned would you be about privacy when using an AI academic advisor?,35,rating_1_to_5,3,11,31.4,2.94,
14,How concerned would you be about privacy when using an AI academic advisor?,35,rating_1_to_5,4,2,5.7,2.94,
14,How concerned would you be about privacy when using an AI academic advisor?,35,rating_1_to_5,5,7,20,2.94,
15,How important is it that an AI advisor explains where its recommendations or information came from?,35,rating_1_to_5,1,0,0,4.46,
15,How important is it that an AI advisor explains where its recommendations or information came from?,35,rating_1_to_5,2,1,2.9,4.46,
15,How important is it that an AI advisor explains where its recommendations or information came from?,35,rating_1_to_5,3,2,5.7,4.46,
15,How important is it that an AI advisor explains where its recommendations or information came from?,35,rating_1_to_5,4,12,34.3,4.46,
15,How important is it that an AI advisor explains where its recommendations or information came from?,35,rating_1_to_5,5,20,57.1,4.46,
,,,,,,,,Qualitative themes: speed and ease of access; career guidance; proactive support; coordination with human advisors; flexibility. No theme counts assigned.
